#,Make,Model,Date - Start,Date - End,Kilometer,"Fuel, l","Fuel, %"
1,Acura,ILX,2013,2022,+,+,
2,Acura,MDX,2008,2014,+,+,
3,Acura,MDX,2008,2014,+,+,
4,Acura,MDX,2014,2022,+,+,
5,Acura,RDX,2012,2019,+,+,
6,Acura,RDX,2019,2022,+,+,
7,Acura,RL,2010,2012,+,+,
8,Acura,RLX,2014,2020,+,+,
9,Acura,TL,2008,2014,+,+,
10,Acura,TLX,2015,2021,+,+,
11,Acura,TLX,2021,2022,+,+,
12,Acura,TSX,2008,2014,+,+,
13,Acura,ZDX,2010,2013,+,+,
14,Adria,Ducato,2006,-,+,,+
15,Adria,Jumper,2006,-,+,,+
16,Alfa Romeo,147,2003,2010,+,,+
17,Alfa Romeo,159,2005,2011,+,,+
18,Alfa Romeo,4C,2013,2020,+,,+
19,Alfa Romeo,Brera,2005,2010,+,,+
20,Alfa Romeo,Giulia,2016,-,+,,+
21,Alfa Romeo,Giulietta,2010,2020,+,,+
22,Alfa Romeo,GT,2003,2010,+,,+
23,Alfa Romeo,Mito,2008,2018,+,,+
24,Alfa Romeo,Spider,2005,2010,+,,+
25,Alfa Romeo,Stelvio,2017,-,+,,+
26,Alpina,B3,2013,2019,+,+,
27,Alpina,B4,2014,-,+,+,
28,Alpina,B5,2011,2016,+,+,
29,Alpina,B5,2017,-,+,+,
30,Alpina,B6,2011,2019,+,+,
31,Alpina,B7,2009,2015,+,+,
32,Alpina,D3,2013,2019,+,+,
33,Alpina,D4,2014,-,+,+,
34,Alpina,D5,2011,2016,+,+,
35,Alpina,D5,2017,-,+,+,
36,Aston Martin,Cygnet,2009,2013,+,+,
37,Audi,A1,2010,2017,+,+,
38,Audi,A1,2018,-,+,+,
39,Audi,A3,2004,2012,+,+,
40,Audi,A3,2012,-,+,+,+
41,Audi,A3,2020,-,+,+,
42,Audi,A4,2005,2008,+,+,
43,Audi,A4,2008,2016,+,+,
44,Audi,A4,2016,-,+,+,
45,Audi,A5,2007,2016,+,+,
46,Audi,A5,2016,-,+,+,
47,Audi,A6,1997,2004,+,+,
48,Audi,A6,2004,2011,+,+,
49,Audi,A6,2010,2017,+,+,
50,Audi,A6,2018,-,+,+,
51,Audi,A7,2010,2017,+,+,
52,Audi,A7,2018,-,+,+,
53,Audi,A8,2010,2017,+,+,
54,Audi,A8,2018,-,+,+,
55,Audi,Allroad,2015,2016,+,+,
56,Audi,Q2,2017,-,+,+,+
57,Audi,Q3,2011,2018,+,+,
58,Audi,Q3,2019,-,+,+,+
59,Audi,Q5,2008,2017,+,+,+
60,Audi,Q5,2017,-,+,+,
61,Audi,Q7,2006,2015,+,+,+
62,Audi,Q7,2015,-,+,+,
63,Audi,Q8,2018,-,+,+,
64,Audi,R8,2006,2015,+,+,
65,Audi,R8,2015,-,+,+,
66,Audi,Rs3,2020,-,+,+,
67,Audi,RS4,2008,2016,+,+,
68,Audi,RS5,2007,2016,+,+,
69,Audi,RS6,2010,2017,+,+,
70,Audi,RSQ8,2018,-,+,+,
71,Audi,S4,2008,2016,+,+,
72,Audi,S4,2016,-,+,+,
73,Audi,S5,2007,2016,+,+,
74,Audi,S5,2016,-,+,+,
75,Audi,S6,2004,2011,+,+,
76,Audi,S6,2013,2013,+,+,
77,Audi,S8,2013,2013,+,+,
78,Audi,SQ2,2017,-,+,+,+
79,Audi,SQ5,2016,2016,+,+,
80,Audi,SQ5,2017,-,+,+,
81,Audi,SQ7,2015,-,+,+,
82,Audi,SQ8,2018,-,+,+,
83,Audi,TT,2008,2013,+,+,
84,Audi,TT,2014,-,+,+,+
85,Audi,TTRS,2014,-,+,+,+
86,Audi,TTS,2014,-,+,+,+
87,Bentley,Bentayga,2015,-,+,+,
88,Bentley,Continental,2003,-,+,+,
89,Bentley,Mulsanne,2010,2020,+,+,
90,BMW,1 series,2004,2011,+,+,
91,BMW,1 series,2011,2019,+,+,
92,BMW,1 series,2019,-,+,+,
93,BMW,2 series,2019,-,+,+,
94,BMW,"tourer, gran tourer)",2014,-,+,+,
95,BMW,3 series,2005,2013,+,+,
96,BMW,3 series,2011,2019,+,+,
97,BMW,3 series,2019,-,+,+,
98,BMW,3 Series Sedan,2012,2014,+,+,
99,BMW,318d xdrive,2016,2024,+,+,
100,BMW,4 series,2013,-,+,+,
101,BMW,4 series,2020,-,+,+,
102,BMW,5 series,2003,2010,+,+,
103,BMW,5 series,2010,2016,+,+,
104,BMW,5 Series,2012,2019,+,+,
105,BMW,540 xdrive m50d,2016,2024,+,+,
106,BMW,6 series,2003,2010,+,+,
107,BMW,6 series,2011,2018,+,+,
108,BMW,6 series,2017,-,+,+,
109,BMW,7 series,2001,2008,+,+,
110,BMW,7 series,2008,2015,+,+,
111,BMW,7 series,2015,-,+,+,
112,BMW,8 series,2018,-,+,+,
113,BMW,i8,2014,2020,+,+,
114,BMW,M135i,2011,2019,+,+,
115,BMW,M140i,2011,2019,+,+,
116,BMW,m2,2016,2020,+,+,
117,BMW,M3,2007,2013,+,+,
118,BMW,M3,2014,2018,+,+,
119,BMW,M3,2021,-,+,+,
120,BMW,M4,2014,2018,+,+,
121,BMW,M4,2021,-,+,+,
122,BMW,M5,2011,2016,+,+,
123,BMW,m5,2017,-,+,+,
124,BMW,M6,2012,2018,+,+,
125,BMW,M8,2019,-,+,+,
126,BMW,X1,2015,-,+,+,
127,BMW,x1 series,2009,2015,+,+,
128,BMW,X2,2018,-,+,+,
129,BMW,X3,2003,2010,+,+,
130,BMW,X3,2010,2017,+,+,
131,BMW,X3,2017,-,+,+,
132,BMW,X3n,2019,-,+,+,
133,BMW,X4,2014,2018,+,+,
134,BMW,X4,2018,-,+,+,
135,BMW,X4m,2019,-,+,+,
136,BMW,X5,2006,2013,+,+,
137,BMW,X5,2015,2018,+,+,
138,BMW,X5,2018,-,+,+,
139,BMW,X5 series,2009,-,+,+,
140,BMW,X6,2008,2014,+,+,
141,BMW,x6,2015,2019,+,+,
142,BMW,X7,2019,-,+,+,
143,BMW,Z4,2002,2008,+,+,
144,BMW,Z4,2009,2016,+,+,
145,BMW,Z4,2018,-,+,+,
146,Buick,Cascada,2016,2019,+,,+
147,Buick,Cascada,2016,2019,+,+,
148,Buick,Enclave,2012,2018,+,+,
149,Buick,Enclave,2018,2021,+,+,
150,Buick,Encore,2013,-,+,,+
151,Buick,Encore,2013,2020,+,+,
152,Buick,Encore,2020,2021,+,+,
153,Buick,Encore GX,2020,2021,+,+,
154,Buick,Envision,2014,-,+,,+
155,Buick,Envision,2016,2020,+,+,
156,Buick,Envision,2021,2021,+,+,
157,Buick,LaCrosse,2012,2016,+,+,
158,Buick,LaCrosse,2017,2019,+,+,
159,Buick,Lucerne,2008,2011,+,+,
160,Buick,Regal,2008,2017,+,,+
161,Buick,Regal,2012,2020,+,+,
162,Buick,Regal,2018,2020,+,+,
163,Buick,Verano,2012,2015,+,+,
164,Buick,Verano,2016,2017,+,+,
165,Buick,Verano Hatchback/GS,2015,-,+,,+
166,Cadillac,ATS,2013,2019,+,+,
167,Cadillac,CT4,2020,2020,+,+,
168,Cadillac,CT5,2020,2021,+,+,
169,Cadillac,CT6,2016,2020,+,+,
170,Cadillac,CTS,2008,2013,+,+,
171,Cadillac,CTS,2014,2019,+,+,
172,Cadillac,Escalade,2010,2014,+,+,
173,Cadillac,Escalade,2015,2020,+,+,
174,Cadillac,Escalade ESV,2012,2020,+,+,
175,Cadillac,Escalade EXT,2008,2013,+,+,
176,Cadillac,SRX,2010,2016,+,+,
177,Cadillac,STS,2008,2011,+,+,
178,Cadillac,XT4,2019,2021,+,+,
179,Cadillac,XT5,2017,2021,+,+,
180,Cadillac,XT6,2020,2020,+,+,
181,Cadillac,XTS,2013,2020,+,+,
182,Chevrolet,Avalanche,2012,2013,+,+,
183,Chevrolet,Blazer,2019,2021,+,+,
184,Chevrolet,Bolt,2017,2022,+,,
185,Chevrolet,Camaro,2011,2015,+,+,
186,Chevrolet,Camaro,2016,2021,+,+,
187,Chevrolet,Captiva,2006,2019,+,,+
188,Chevrolet,City Express,2014,2018,+,+,
189,Chevrolet,Colorado,2015,2022,+,+,
190,Chevrolet,Corvette,2012,2013,+,+,
191,Chevrolet,Corvette,2014,2019,+,+,
192,Chevrolet,Corvette,2020,2020,+,+,
193,Chevrolet,Cruze,2008,2016,+,,+
194,Chevrolet,Cruze,2011,2015,+,+,
195,Chevrolet,Cruze,2016,-,+,,+
196,Chevrolet,Cruze,2016,2019,+,+,
197,Chevrolet,Cruze Limited,2016,2016,+,+,
198,Chevrolet,Equinox,2010,2017,+,+,
199,Chevrolet,Equinox,2018,2021,+,+,
200,Chevrolet,Express 1500,2012,2014,+,+,
201,Chevrolet,Express 2500,2010,2020,+,+,
202,Chevrolet,Express 3500,2012,2020,+,+,
203,Chevrolet,Impala,2008,2015,+,+,
204,Chevrolet,Impala,2016,2020,+,+,
205,Chevrolet,Malibu,2013,2015,+,+,
206,Chevrolet,Malibu,2016,2021,+,+,
207,Chevrolet,Nexia,2012,-,+,,+
208,Chevrolet,Onix,2013,2019,+,,
186,Chevrolet,Silverado,2013,-,+,+,+
210,Chevrolet,Silverado 1500,2009,2022,+,+,
211,Chevrolet,Silverado 2500HD,2008,2022,+,+,
212,Chevrolet,Silverado 3500HD,2012,2022,+,+,
213,Chevrolet,Silverado 4500HD,2019,2021,+,+,
214,Chevrolet,Silverado 5500HD,2019,2021,+,+,
215,Chevrolet,Silverado 6500HD,2019,2021,+,+,
216,Chevrolet,Sonic,2012,2020,+,+,
217,Chevrolet,Spark,2012,2014,+,+,
218,Chevrolet,Spark,2015,2021,+,+,
219,Chevrolet,SS,2014,2017,+,+,
220,Chevrolet,Suburban 1500,2009,2021,+,+,
221,Chevrolet,Suburban 2500,2012,2013,+,+,
222,Chevrolet,Suburban 3500,2016,2019,+,+,
223,Chevrolet,Tahoe,2008,2015,+,+,
224,Chevrolet,Tahoe,2015,2021,+,+,
225,Chevrolet,Tahoe,2021,2022,+,+,
226,Chevrolet,Trailblazer,2021,2022,+,+,
227,Chevrolet,Traverse,2012,2017,+,+,
228,Chevrolet,Traverse,2018,2021,+,+,
229,Chevrolet,Trax,2015,2021,+,+,
230,Chevrolet,Volt,2012,2019,+,+,
231,Chevrolet,Volt,2016,2019,+,,
232,Chrysler,200,2011,2017,+,+,
233,Chrysler,300,2005,2010,+,,
234,Chrysler,300,2011,-,+,,
235,Chrysler,300c,2005,2010,+,,
236,Chrysler,300c,2011,-,+,,
237,Chrysler,Aspen,2008,2008,+,+,
238,Chrysler,Delta,2011,2015,+,,+
239,Chrysler,Grand Caravan,2019,-,+,,
240,Chrysler,Pacifica,2016,-,+,,
241,Chrysler,PT Cruiser,2006,2010,+,+,
243,Chrysler,Sebring,2008,2010,+,+,
243,Chrysler,Town & Country,2008,2015,+,+,
244,Chrysler,Town & Country,2016,2020,+,+,
245,Chrysler,Voyager,2019,-,+,,
246,Citroën,Berlingo III,2018,-,+,+,+
247,Citroën,C1,2014,-,+,+,
248,Citroën,C3,2016,-,+,+,+
249,Citroën,C4,2010,2018,+,+,+
250,Citroën,C4 Aircross,2012,2017,+,+,+
251,Citroën,C4 Cactus,2014,2020,+,+,+
252,Citroën,C4 Picasso,2013,-,+,+,+
253,Citroën,Dispatch,2016,-,+,+,+
254,Citroën,Ds 3 Crossback,2018,-,+,+,+
255,Citroën,Jumper,2006,-,+,,+
256,Citroën,Jumpy,2016,-,+,+,+
257,Citroën,Relay,2006,-,+,,+
258,Citroën,Spacetourer,2016,-,+,+,+
259,Cupra,Formentor,2020,-,+,+,
260,Cupra,Leon,2021,-,+,+,
261,Dacia,Dokker,2012,-,+,+,
262,Dacia,Duster II,2013,2017,+,+,
263,Dacia,Duster II,2017,-,+,+,
264,Dacia,Lodgy,2012,-,+,+,
265,Dacia,Logan II,2012,-,+,+,
266,Dacia,Logan III,2020,-,+,+,
267,Dacia,Sandero II,2012,-,+,+,
268,Dacia,Sandero iii,2020,-,+,+,
269,Daihatsu,Altis,2017,-,+,+,
270,Daihatsu,Xenia,2011,2021,,+,
271,Daihatsu,Xenia,2021,-,+,+,
272,Dodge,Avenger,2008,2014,+,+,
273,Dodge,Caliber,2008,2012,+,+,
274,Dodge,Challenger,2008,2021,+,+,
275,Dodge,Challenger,2011,2016,+,,
276,Dodge,Charger,2006,-,+,,
277,Dodge,Charger,2011,-,+,,
278,Dodge,Dakota,2008,2011,+,+,
279,Dodge,Dart,2013,2016,+,+,
280,Dodge,Durango,2008,2010,+,+,
281,Dodge,Durango,2011,2022,+,+,
282,Dodge,Grand Caravan,2008,2022,+,+,
284,Dodge,Journey,2009,2020,+,+,
284,Dodge,Journey,2011,2016,+,,
285,Dodge,Magnum,2005,2008,+,,
286,Dodge,Neon,2016,-,+,,+
287,Dodge,Nitro,2008,2011,+,+,
288,Dodge,Sprinter,2007,2009,+,+,
289,Dodge,Viper,2013,2017,+,+,
290,Dodge,Vision,2015,-,+,,+
291,Ferrari,458 Italia,2013,2013,+,+,
292,Fiat,500,2007,-,+,,+
293,Fiat,500,2012,2017,+,+,
294,Fiat,500,2020,-,+,,
295,Fiat,124 Spider,2017,2017,+,+,
296,Fiat,500c,2012,2019,+,+,
297,Fiat,500e,2013,2013,+,,
298,Fiat,500l,2013,-,+,,+
299,Fiat,500L,2014,2015,+,+,
300,Fiat,500x,2016,-,+,,+
301,Fiat,500X,2016,2016,+,+,
302,Fiat,Albea,2002,2014,+,,+
303,Fiat,Bravo,2007,2016,+,,+
304,Fiat,Croma,2005,2010,+,,+
305,Fiat,Cronos,2018,-,+,,+
306,Fiat,Doblo,2000,2010,+,,+
307,Fiat,Doblo,2010,-,+,,+
308,Fiat,Ducato,2006,-,+,,+
309,Fiat,Egea,2015,-,+,,+
310,Fiat,Fiorino 08,2008,2015,+,,+
311,Fiat,Freemont,2011,2016,+,,
312,Fiat,Fullback,2016,2019,+,,+
313,Fiat,Idea,2003,2018,+,,+
314,Fiat,Linea,2007,2018,+,,+
315,Fiat,Mobi,2016,-,+,,+
316,Fiat,Palio,2007,2016,+,,+
317,Fiat,Panda,2011,-,+,,+
318,Fiat,Punto,2005,2018,+,,+
319,Fiat,Scudo,2021,-,+,+,+
299,Fiat,Sedici,2005,2015,+,,+
321,Fiat,Siena,2012,-,+,,+
322,Fiat,Stilo,2001,2010,+,,+
323,Fiat,Strada,2009,2020,+,,+
325,Fiat,Talento,2016,-,+,+,
326,Fiat,Tipo,2015,-,+,,+
326,Fiat,Toro,2016,-,+,,+
327,Fiat,Ulysse,2021,-,+,+,+
328,Fiat,Uno,2016,-,+,,+
329,Fiat,Ducato,2020,-,+,+,+
330,Ford,Bronco,2021,2022,+,+,
331,Ford,Bronco Sport,2021,2022,+,+,
332,Ford,C-max,2010,2019,+,,+
333,Ford,Crown Victoria,2008,2012,+,+,
334,Ford,E150,2008,2012,+,+,
335,Ford,E250,2008,2012,+,+,
336,Ford,E350,2008,2022,+,+,
337,Ford,E450,2008,2022,+,+,
338,Ford,EcoSport,2018,2021,+,+,
339,Ford,Edge,2007,2014,+,+,
340,Ford,Edge,2015,-,+,,+
341,Ford,Edge,2015,2022,+,+,
342,Ford,Escape,2008,2012,+,+,
343,Ford,Escape,2012,2019,+,,
344,Ford,Escape,2013,2022,+,+,
345,Ford,Escape Hybrid,2011,2012,+,+,
346,Ford,Expedition,2008,2017,+,+,
347,Ford,Expedition,2018,2021,+,+,
348,Ford,Explorer,2008,2010,+,+,
349,Ford,Explorer,2011,2019,+,+,
350,Ford,Explorer,2020,2022,+,+,
351,Ford,F150,2008,2022,+,+,
352,Ford,F250 Super Duty,2008,2022,+,+,
353,Ford,F350 Super Duty,2008,2022,+,+,
354,Ford,F450 Super Duty,2008,2022,+,+,
355,Ford,F550 Super Duty,2008,2022,+,+,
356,Ford,F650,2012,2021,+,+,
357,Ford,F750,2012,2021,+,+,
358,Ford,Fiesta,2009,2019,+,,+
359,Ford,Fiesta,2017,-,+,,+
360,Ford,Five Hundred,2007,2007,+,+,
361,Ford,Flex,2009,2019,+,+,
362,Ford,Focus,2007,2018,+,+,
363,Ford,Focus,2019,-,+,,+
364,Ford,Fusion,2009,2012,+,+,
366,Ford,Fusion,2013,-,+,,+
367,Ford,Fusion,2013,2020,+,+,
367,Ford,Galaxy,1995,2010,+,+,+
368,Ford,Galaxy,2016,-,+,,+
369,Ford,Kuga,2012,2019,+,,
370,Ford,Kuga,2020,-,+,,
371,Ford,Mondeo,2013,-,+,,+
372,Ford,Mustang,2008,2014,+,+,
373,Ford,Mustang,2015,2021,+,+,
374,Ford,Mustang Mach-E,2021,2021,+,+,
356,Ford,Puma,2019,-,+,,+
376,Ford,Ranger,2008,2021,+,+,
377,Ford,S-max,2006,2015,+,,+
378,Ford,S-Max,2016,-,+,,+
379,Ford,Taurus,2008,2015,+,+,
380,Ford,Taurus,2016,2019,+,+,
381,Ford,Tourneo Connect,2021,-,+,+,
382,Ford,Tourneo III,2006,2013,+,,+
383,Ford,Tourneo IV,2013,2018,+,,+
384,Ford,Transit,2006,2013,+,,+
385,Ford,Transit 150,2015,2021,+,+,
386,Ford,Transit 250,2015,2021,+,+,
387,Ford,Transit 350,2015,2021,+,+,
388,Ford,Transit 350 HD,2015,2021,+,+,
389,Ford,Transit Connect,2010,2021,+,+,
390,Ford,Transit connect,2013,-,+,,+
391,Ford,Transit IV,2013,2018,+,,+
392,Ford,Transit Tourneo Courier,2014,-,+,,+
393,Freightliner,Sprinter,2019,-,+,+,
394,Freightliner,Sprinter 2500,2012,2018,+,+,
395,Freightliner,Sprinter 3500,2012,2018,+,+,
396,Freightliner,Sprinter Worker,2017,2017,+,+,
397,Genesis,G80,2019,2019,+,+,
398,GMC,Acadia,2011,2016,+,+,
399,GMC,Acadia,2017,2021,+,+,
400,GMC,Canyon,2015,2022,+,+,
401,GMC,Savana 1500,2012,2014,+,+,
402,GMC,Savana 2500,2012,2020,+,+,
403,GMC,Savana 3500,2012,2020,+,+,
404,GMC,Sierra 1500,2009,2022,+,+,
405,GMC,Sierra 1500 Limited,2019,2021,+,+,
407,GMC,Sierra 2500,2009,2022,+,+,
408,GMC,Sierra 3500,2009,2022,+,+,
409,GMC,Terrain,2010,2017,+,+,
409,GMC,Terrain,2018,2022,+,+,
410,GMC,Yukon,2008,2022,+,+,
411,GMC,Yukon XL,2012,2021,+,+,
412,Honda,Accord,2008,2011,+,+,
413,Honda,Accord,2012,2016,+,+,
414,Honda,Accord,2017,2022,+,+,
415,Honda,BR-V,2016,2021,+,+,
416,Honda,Civic,2006,2011,+,,
417,Honda,Civic,2015,2021,+,+,
418,Honda,Crosstour,2010,2015,+,+,
419,Honda,CR-V,2012,2016,+,+,
420,Honda,CR-V,2016,2022,+,+,
421,Honda,CR-Z,2012,2016,+,+,
422,Honda,Element,2008,2011,+,+,
423,Honda,Fit,2007,2013,+,,
424,Honda,Fit,2013,2019,+,+,
425,Honda,Fit,2020,2020,+,+,
426,Honda,HR-V,2016,-,+,+,
427,Honda,Insight,2010,2014,+,+,
428,Honda,Jazz,2007,2013,+,,
429,Honda,Odyssey,2008,2010,+,+,
430,Honda,Odyssey,2011,2017,+,+,
431,Honda,Odyssey,2018,2022,+,+,
432,Honda,Passport,2019,2022,+,+,
433,Honda,Pilot,2009,2014,+,+,
434,Honda,Pilot,2015,2021,+,+,
435,Honda,Pilot,2022,2022,+,+,
436,Honda,Ridgeline,2012,2016,+,+,
437,Honda,Ridgeline,2017,2022,+,+,
438,Hyundai,Accent,2012,2916,+,+,
439,Hyundai,Accent,2017,2021,+,+,
440,Hyundai,Azera,2012,2014,+,+,
441,Hyundai,Bayon,2021,-,+,+,
442,Hyundai,Elantra,2012,2014,+,+,
443,Hyundai,Elantra,2015,2019,+,+,
444,Hyundai,Elantra,2020,2021,+,+,
445,Hyundai,Elantra,2020,-,+,+,
446,Hyundai,Elantra Coupe,2013,2014,+,+,
448,Hyundai,Elantra GT,2013,2020,+,+,
449,Hyundai,Genesis,2013,2016,+,+,
450,Hyundai,Genesis Coupe,2013,2015,+,+,
433,Hyundai,H-1,2007,-,,+,+
451,Hyundai,i10,2019,-,+,+,
452,Hyundai,i20,2008,2013,+,,
453,Hyundai,i20,2014,2020,+,+,
454,Hyundai,i20,2021,-,+,+,
455,Hyundai,i30,2011,2017,+,,
456,Hyundai,i30,2016,-,+,+,
457,Hyundai,i40,2011,-,+,+,
458,Hyundai,Ioniq,2017,-,+,+,
459,Hyundai,Ioniq electric,2017,-,+,+,
460,Hyundai,ix20,2010,2019,+,,
461,Hyundai,Kona,2017,-,+,+,
462,Hyundai,Kona,2018,2022,+,+,
463,Hyundai,Palisade,2020,2022,+,+,
464,Hyundai,Rrand Santa Fe,2012,2019,+,+,
465,Hyundai,Santa Cruz,2022,2022,+,+,
466,Hyundai,Santa Fe,2012,2019,+,+,
467,Hyundai,Santa Fe,2019,-,+,+,
468,Hyundai,Santa Fe Sport,2013,2018,+,+,
469,Hyundai,Santa Fe XL,2019,2019,+,+,
470,Hyundai,Sonata,2011,2013,+,+,
471,Hyundai,Sonata,2014,2018,+,+,
472,Hyundai,Sonata,2019,2022,+,+,
456,Hyundai,Starex,2007,-,,+,+
474,Hyundai,Tucson,2011,2015,+,+,
475,Hyundai,Tucson,2015,2020,+,+,
476,Hyundai,Tucson,2021,-,+,+,
477,Hyundai,Veloster,2012,2017,+,+,
478,Hyundai,Veloster,2018,2021,+,+,
479,Hyundai,Veloster N,2020,2021,+,+,
480,Hyundai,Venue,2020,2022,+,+,
481,Hyundai,Veracruz,2012,2012,+,+,
482,Infiniti,EX35,2007,2013,+,+,
483,Infiniti,EX37,2007,2013,+,+,
484,Infiniti,EX50,2007,2013,+,+,
485,Infiniti,F-Type,2014,2015,+,+,
486,Infiniti,FX35,2009,2017,+,+,
487,Infiniti,FX37,2009,2017,+,+,
489,Infiniti,FX50,2009,2017,+,+,
490,Infiniti,G25,2007,2015,+,+,
491,Infiniti,G35,2007,2015,+,+,
492,Infiniti,G37,2007,2015,+,+,
493,Infiniti,IPL G,2012,2013,+,+,
493,Infiniti,JX,2012,2013,+,+,
494,Infiniti,Jx35,2012,2013,+,+,
495,Infiniti,M35h,2012,2013,+,+,
496,Infiniti,M37,2012,2013,+,+,
497,Infiniti,M56,2012,2013,+,+,
498,Infiniti,Q30,2015,2019,+,+,
499,Infiniti,Q40,2015,2015,+,+,
500,Infiniti,Q50,2014,-,+,+,
501,Infiniti,Q60,2014,2021,+,+,
502,Infiniti,Q70,2014,2019,+,+,
503,Infiniti,QX30,2016,2019,+,+,
504,Infiniti,Qx50,2013,2017,+,+,
505,Infiniti,QX56,2010,2014,+,+,
506,Infiniti,QX60,2013,2020,+,+,
507,Infiniti,QX60,2014,2020,+,+,
508,Infiniti,QX70,2014,2017,+,+,
509,Infiniti,QX80,2014,-,+,+,
510,Infiniti,XF,2011,2015,+,+,
511,Infiniti,XJ,2013,2016,+,+,
512,Infiniti,XK,2013,2013,+,+,
513,Iveco,Daily,2015,-,,,+
514,Jaguar,E-pace,2017,-,+,,
515,Jaguar,F-pace,2016,-,+,,
516,Jaguar,F-Type,2013,-,+,,
517,Jaguar,S-type,1999,2008,+,,
518,Jaguar,XE,2015,-,+,,
519,Jaguar,XF,2008,2015,+,,
520,Jaguar,XF,2015,-,+,,
521,Jaguar,XJ,2010,2019,+,,
522,Jaguar,XK,2007,2014,+,,
523,Jaguar,XKR,2007,2014,+,,
524,Jeep,Cherokee,2014,2021,+,+,
525,Jeep,Commander,2007,2010,+,+,
526,Jeep,Compass,2007,2016,+,+,
527,Jeep,Compass,2016,-,+,,+
528,Jeep,Gladiator,2020,2022,+,+,
530,Jeep,Grand Cherokee,2007,2010,+,,
531,Jeep,Grand Cherokee,2011,2020,+,,
532,Jeep,Grand Cherokee,2021,2022,+,,
533,Jeep,Liberty,2008,2012,+,+,
534,Jeep,Patriot,2007,2017,+,+,
534,Jeep,Renegade,2015,-,+,,+
535,Jeep,Wagoneer,2022,2022,+,+,
536,Jeep,Wrangler,2007,2021,+,+,
537,Kia,Cadenza,2014,2015,+,+,
538,Kia,Cadenza,2016,2022,+,+,
539,Kia,Cee'd,2018,-,+,+,
540,Kia,EV6,2022,2022,+,,
541,Kia,Forte,2014,2022,+,+,
542,Kia,Forte Koup,2014,2016,+,+,
543,Kia,K5,2021,2022,+,+,
544,Kia,K900,2015,2015,+,+,
545,Kia,Niro,2017,-,+,+,
546,Kia,Optima,2011,2022,+,+,
547,Kia,Optima,2015,2020,+,+,
548,Kia,Picanto,2017,-,+,+,
549,Kia,Procee'd,2018,-,+,+,
550,Kia,Rio,2013,2015,+,+,
551,Kia,Rio,2016,2022,+,+,
552,Kia,Sedona,2015,2021,+,+,
553,Kia,Seltos,2019,-,+,+,
554,Kia,Sonet,2020,-,+,+,
555,Kia,Sorento,2012,2013,+,+,
556,Kia,Sorento,2014,2019,+,+,
557,Kia,Sorento,2020,2021,+,+,
558,Kia,Sorento,2021,-,+,+,
559,Kia,Soul,2014,2019,+,+,
560,Kia,Soul,2019,2022,+,+,
561,Kia,Sportage,2010,2015,+,,+
562,Kia,Sportage,2015,2022,+,+,
563,Kia,Sportage,2022,-,+,+,
564,Kia,Stinger,2018,-,+,+,
565,Kia,Telluride,2020,2021,+,+,
566,Kia,XCeed,2018,-,+,+,
567,Kia Motors,Carens,2013,2019,+,+,
568,Kia Motors,Cee'd,2006,2013,+,,
569,Kia Motors,Cee'd,2012,2018,+,+,
571,Kia Motors,Rio,2011,2017,+,+,
572,Kia Motors,Rio,2017,-,+,+,
573,Kia Motors,Rondo,2013,2019,+,+,
574,Kia Motors,Stonic,2017,-,+,+,
575,Lada / Vaz,Vesta,2015,-,+,+,
575,Lada / Vaz,Xray,2015,-,+,+,
576,Lamborghini,Aventador,2011,-,+,+,
577,Lamborghini,Huracán,2014,-,+,+,
578,Lamborghini,Urus,2018,-,+,+,
579,Lancia,Delta,2008,2014,+,,+
580,Lancia,Musa,2004,2012,+,,+
581,Lancia,Thema,2011,2014,+,,
582,Lancia,Thesis,2001,2009,+,,+
583,Lancia,Ypsilon,2011,-,+,,+
584,Land Rover,Defender,2020,-,+,,
585,Land Rover,Discovery,2017,-,+,,
586,Land Rover,Discovery Sport,2014,2019,+,,
587,Land Rover,Freelander,2006,2014,+,,
588,Land Rover,LR4,2011,2015,+,+,
589,Land Rover,Range Rover,2012,-,+,,+
590,Land Rover,Range Rover Evoque,2011,2018,+,,
591,Land Rover,Range Rover Evoque,2018,-,+,,
592,Land Rover,Range Rover Sport,2010,2013,+,+,
593,Land Rover,Range Rover Sport,2013,-,+,,
594,Land Rover,Range Rover Velar,2017,-,+,,
581,Ldv,T60,2019,-,+,,
596,Lexus,CT,2011,2017,+,+,
597,Lexus,ES,2007,2013,+,+,
598,Lexus,ES,2013,2018,+,+,
599,Lexus,ES,2018,-,+,+,
600,Lexus,GS,2007,2010,+,+,
601,Lexus,GS,2012,2020,+,+,
602,Lexus,GX,2010,-,+,+,
603,Lexus,GX,2012,2021,+,+,
604,Lexus,IS,2012,2017,+,+,
605,Lexus,LS,2006,2017,+,,
606,Lexus,LS,2011,2016,+,+,
607,Lexus,LS,2017,2021,+,+,
608,Lexus,LX,2008,2021,+,+,
609,Lexus,Nx,2014,-,+,+,
610,Lexus,RC,2015,-,+,+,
612,Lexus,RX,2010,2014,+,+,
613,Lexus,RX,2015,2021,+,+,
614,Lexus,RX 350,2016,-,+,+,
615,Lexus,RX 450,2008,2015,+,+,
616,Lexus,RX 450h,2016,-,+,+,
617,Lincoln,Aviator,2020,2022,+,+,
617,Lincoln,Continental,2017,2020,+,,+
618,Lincoln,Continental,2017,2020,+,+,
619,Lincoln,Corsair,2020,2022,+,+,
620,Lincoln,MKC,2015,2019,+,+,
621,Lincoln,MKS,2011,2016,+,+,
622,Lincoln,MKT,2012,2019,+,+,
623,Lincoln,MKX,2010,2018,+,+,
624,Lincoln,MKX,2015,-,+,,+
625,Lincoln,MKZ,2009,2012,+,+,
626,Lincoln,MKZ,2012,2020,+,,+
627,Lincoln,MKZ,2013,2020,+,+,
628,Lincoln,Nautilus,2015,-,+,,+
629,Lincoln,Nautilus,2019,2022,+,+,
630,Lincoln,Navigator,2007,2017,+,+,
631,Lincoln,Navigator,2018,2022,+,+,
632,Lincoln,Town Car,2008,2011,+,+,
633,Lynk&Co,1,2017,-,+,+,
634,Lynk&Co,2,2018,-,+,+,
635,Lynk&Co,3,2018,-,+,+,
636,Lynk&Co,5,2019,-,+,+,
637,Mahindra,Bolero,2000,-,+,,
625,Mahindra,Bolero Neo,2021,-,+,,+
639,Man,TGE,2017,-,+,+,+
640,Maruti Suzuki,Celerio,2014,-,+,,+
641,Maruti Suzuki,Ertiga,2018,-,+,,+
642,Maruti Suzuki,Swift,2017,-,,,+
643,Maruti Suzuki,Swift Dzire,2012,-,+,,+
644,Maserati,Ghibli,2014,2016,+,,
645,Maserati,Levante,2020,2020,+,+,
646,Maserati,Quattroporte,2016,2016,+,,
647,Mazda,2,2022,-,+,+,
648,Mazda,3,2014,2018,+,+,
649,Mazda,5,2010,2015,+,+,
650,Mazda,6,2012,-,+,+,
651,Mazda,CX-3,2016,2019,+,+,
652,Mazda,CX-5,2012,2019,+,+,
654,Mazda,CX-9,2016,2020,+,+,
655,Mazda,Mazda2,2011,2014,+,+,
656,Mazda,Mazda3,2011,2019,+,+,
657,Mazda,Mazda5,2012,2015,+,+,
658,Mazda,Mazda6,2014,2019,+,+,
659,Mazda,MX5 Miata,2012,2020,+,+,
660,Mercedes,Sprinter 2500,2010,2019,+,+,
660,Mercedes,Sprinter 3500,2012,2019,+,+,
661,Mercedes,Sprinter 3500XD,2018,2018,+,+,
662,Mercedes,Sprinter 4500,2019,2019,+,+,
663,Mercedes,Sprinter Passenger,2016,2016,+,+,
664,Mercedes-Benz,A 180,2012,2018,+,+,
665,Mercedes-Benz,A 200,2004,2012,+,+,
666,Mercedes-Benz,A-class,2004,2012,+,+,
667,Mercedes-Benz,A-class,2012,2018,+,+,
668,Mercedes-Benz,A-Class,2018,-,+,+,
669,Mercedes-Benz,AMG GT,2014,-,+,+,
670,Mercedes-Benz,AMG GT (4-Door Coupe),2019,-,+,+,
671,Mercedes-Benz,B-class,2011,2019,+,+,
672,Mercedes-Benz,B-Class,2019,-,+,+,
673,Mercedes-Benz,C300,2014,-,+,+,
674,Mercedes-Benz,C-class,2007,2015,+,+,
675,Mercedes-Benz,C-class,2014,-,+,+,
676,Mercedes-Benz,C-Class,2021,-,,,
677,Mercedes-Benz,Citan,2012,2021,+,+,
678,Mercedes-Benz,CLA,2014,2019,+,+,
679,Mercedes-Benz,CLA,2018,-,+,+,
680,Mercedes-Benz,CLS,2019,-,+,+,
681,Mercedes-Benz,CLS-class,2010,2018,+,+,
682,Mercedes-Benz,E-class,1996,2003,+,+,
683,Mercedes-Benz,E-class,2003,2009,+,+,
684,Mercedes-Benz,E-class,2009,2016,+,+,
685,Mercedes-Benz,E-class,2017,-,+,+,
686,Mercedes-Benz,EQA,2021,-,+,,
687,Mercedes-Benz,EQB,2021,-,+,,
688,Mercedes-Benz,EQC,2019,-,+,,
689,Mercedes-Benz,G-Class,2018,-,+,+,
690,Mercedes-Benz,GL 350,2012,2019,+,+,
691,Mercedes-Benz,GLA,2014,2020,+,+,
692,Mercedes-Benz,GLA,2020,-,+,+,
693,Mercedes-Benz,GLB,2020,-,+,+,
694,Mercedes-Benz,GLC-class,2015,-,+,+,
696,Mercedes-Benz,GL-class,2012,2019,+,+,
697,Mercedes-Benz,GLE,2019,-,+,+,
698,Mercedes-Benz,GLK-class,2007,2015,+,+,
699,Mercedes-Benz,GLS 350,2012,2019,+,+,
700,Mercedes-Benz,GLS-class,2012,2019,+,+,
701,Mercedes-Benz,Metris,2014,-,+,+,
702,Mercedes-Benz,ML 250 bluetec 4matic,2012,2019,+,+,
702,Mercedes-Benz,S-class,2014,2020,+,+,
703,Mercedes-Benz,SLC-class,2011,2020,+,+,
704,Mercedes-Benz,SL-class,2013,-,+,+,
705,Mercedes-Benz,SLK-class,2011,2020,+,+,
706,Mercedes-Benz,SLS-class,2010,2015,+,+,
707,Mercedes-Benz,Sprinter,2006,2018,+,+,
708,Mercedes-Benz,Sprinter,2018,-,+,+,
709,Mercedes-Benz,Valente,2014,-,+,+,
710,Mercedes-Benz,V-class,2003,2014,+,+,
711,Mercedes-Benz,Viano,2003,2014,+,+,
712,Mercedes-Benz,Vito,2003,2014,+,+,
713,Mercedes-Benz,Vito,2014,-,+,+,
714,Mercedes-Benz,Vito,2014,-,+,+,
715,Mercedes-Benz,X-class,2017,2020,+,+,
716,Mercury,Mariner,2008,2011,+,+,
717,Mercury,Milan,2007,2011,+,+,
718,Mercury,Mountaineer,2007,2010,+,+,
719,Mini,Clubman,2006,2015,+,+,
720,Mini,Clubman,2015,-,+,+,
721,Mini,Convertible,2007,2015,+,+,
722,Mini,Cooper,2006,2013,+,+,
723,Mini,Cooper,2014,-,+,+,
724,Mini,Cooper S,2010,2010,+,+,
725,Mini,Countryman,2010,2016,+,+,
726,Mini,Countryman,2016,-,+,+,
727,Mini,Coupe,2010,2015,+,+,
728,Mini,Hatch,2013,-,+,+,
729,Mini,Paceman,2012,2016,+,+,
730,Mini,Roadster,2011,2015,+,+,
731,Mitsubishi,Eclipse Cross,2017,-,+,,+
732,Mitsubishi,Galant,2012,2012,+,+,
733,Mitsubishi,Grandis,2003,2010,+,+,
734,Mitsubishi,L200,2014,-,+,,+
735,Mitsubishi,Lancer,2010,2017,+,+,
736,Mitsubishi,Mirage,2012,-,+,,+
738,Mitsubishi,Mirage G4,2017,2020,+,+,
739,Mitsubishi,Outlander,2012,-,+,,+
740,Mitsubishi,Outlander Sport,2012,2020,+,+,
741,Mitsubishi,Pajero,2006,2021,+,,+
742,Mitsubishi,Space Star,2014,-,+,,+
743,Mitsubishi,Xpander,2017,-,+,,+
744,Mitsuoka,Buddy,2020,-,+,+,
744,Nissan,350Z,2006,2009,+,+,
745,Nissan,370Z,2012,2021,+,+,
746,Nissan,Almera,2011,-,+,+,
747,Nissan,Altima,2007,2013,+,+,
748,Nissan,Altima,2012,2012,+,+,
749,Nissan,Altima,2013,2018,+,+,
750,Nissan,Altima,2019,2022,+,+,
751,Nissan,Armada,2012,2016,+,+,
752,Nissan,Armada,2016,-,+,+,
743,Nissan,Cabstar,2007,-,+,+,
754,Nissan,Cube,2008,2014,+,+,
755,Nissan,Cube,2012,2014,+,+,
756,Nissan,Frontier,2013,2022,+,+,
757,Nissan,Frontier,2014,-,+,+,
758,Nissan,Gt-R,2015,-,+,+,
759,Nissan,Interstar,2010,-,+,+,
760,Nissan,Juke,2010,2019,+,+,
761,Nissan,Juke,2020,-,+,+,
762,Nissan,Kicks,2018,2022,+,+,
763,Nissan,Latio,2011,-,+,+,
764,Nissan,Livina,2019,-,+,,+
765,Nissan,Maxima,2012,2015,+,+,
766,Nissan,Maxima,2015,-,+,+,
767,Nissan,Micra,2010,-,+,+,
768,Nissan,Micra,2017,-,+,+,
769,Nissan,Murano,2009,2014,+,,
770,Nissan,Murano,2015,-,+,+,
771,Nissan,Murano Cross Cabriolet,2012,2014,+,+,
772,Nissan,Navara,2014,-,+,+,
773,Nissan,Note,2012,-,+,+,
774,Nissan,NV 1500,2012,2019,+,+,
775,Nissan,NV 2500,2012,2019,+,+,
776,Nissan,NV 3500,2012,2019,+,+,
777,Nissan,NV Cargo,2020,2021,+,+,
778,Nissan,NV Passenger,2020,2021,+,+,
780,Nissan,NV200,2010,-,+,+,
781,Nissan,NV250,2019,-,+,+,
782,Nissan,NV300,2016,-,+,+,
783,Nissan,NV400,2010,-,+,+,
784,Nissan,Pathfinder,2005,2012,+,+,
785,Nissan,Pathfinder,2013,2020,+,+,
786,Nissan,Pathfinder,2020,2022,+,+,
787,Nissan,Patrol,2010,-,+,+,
787,Nissan,Primastar,2001,2014,+,,
788,Nissan,Qashqai,2013,-,+,+,
789,Nissan,Qashqai,2021,-,+,+,
790,Nissan,Quest,2011,2017,+,+,
791,Nissan,Rogue,2009,2013,+,+,
792,Nissan,Rogue,2013,-,+,+,
793,Nissan,Rogue Select,2014,2015,+,+,
794,Nissan,Rogue Sport,2017,2022,+,+,
795,Nissan,Sentra,2009,2011,+,+,
796,Nissan,Sentra,2012,2018,+,+,
797,Nissan,Sentra,2019,2022,+,+,
798,Nissan,Sunny,2011,-,+,+,
799,Nissan,Teana,2008,2013,+,+,
800,Nissan,Teana,2013,-,+,+,
801,Nissan,Terano,2013,-,+,+,
802,Nissan,Titan,2003,2015,+,,
803,Nissan,Titan,2013,2015,+,+,
804,Nissan,Titan,2016,2022,+,+,
805,Nissan,Titan XD,2016,2022,+,+,
806,Nissan,V-drive,2011,-,+,+,
807,Nissan,Versa,2011,-,+,+,
808,Nissan,Versa Note,2012,2019,+,+,
809,Nissan,Xterra,2013,2015,+,+,
810,Opel,Adam,2013,2019,+,,+
811,Opel,Antara,2006,2015,+,,+
812,Opel,Astra,2015,-,+,,+
813,Opel,Cascada,2013,2019,+,,+
814,Opel,Combo,2011,2017,+,,+
815,Opel,Combo,2018,-,+,+,+
816,Opel,Corsa,2006,2014,+,,+
817,Opel,Corsa,2019,-,+,+,+
818,Opel,Crossland,2017,-,+,+,+
819,Opel,Crossland X,2017,-,+,+,+
820,Opel,Insignia,2008,2017,+,,+
822,Opel,Mokka,2020,-,+,+,+
823,Opel,Mokka X,2012,2019,+,,+
824,Opel,Movano,2010,-,+,+,
825,Opel,Movano,2021,-,+,,+
826,Opel,Vivaro,2001,2014,+,,
827,Opel,Vivaro,2014,2020,+,+,
828,Opel,Vivaro C,2018,-,+,+,+
829,Opel,Zafira,2012,2014,+,,+
829,Opel,Zafira Life,2019,-,+,+,+
830,Perodua,Bezza,2016,-,,+,
831,Peugeot,108,2014,-,+,+,
832,Peugeot,208,2013,2019,+,+,+
833,Peugeot,208,2019,-,+,+,+
834,Peugeot,308,2013,-,+,+,+
835,Peugeot,308,2021,-,+,+,+
836,Peugeot,508,2010,2018,+,+,+
837,Peugeot,2008,2019,-,+,+,+
838,Peugeot,5008,2017,-,+,+,+
839,Peugeot,Boxer,2006,-,+,,+
840,Peugeot,Expert,2016,-,+,+,+
841,Peugeot,Partner,2008,2018,+,+,+
842,Peugeot,Partner,2018,-,+,+,+
843,Peugeot,Rifter,2018,-,+,+,+
844,Peugeot,Traveller,2016,-,+,+,+
845,Polestar,2,2017,-,+,+,
846,Polestar,PS2,2017,-,+,+,
847,Porsche,911,2012,2019,+,+,
848,Porsche,Cayenne,2010,2017,+,+,
849,Porsche,Macan,2014,-,+,+,
850,Porsche,Panamera,2010,2010,+,+,
851,Porsche,Panamera,2016,-,+,+,
852,Proton,Persona,2016,-,+,,
853,Proton,Saga,2016,-,+,,+
854,Ram,1500,2008,2019,+,+,
855,Ram,1500,2019,2022,+,,
856,Ram,2500,2008,2022,+,+,
857,Ram,3500,2008,2022,+,+,
858,Ram,4500,2008,2022,+,+,
859,Ram,5500,2008,2022,+,+,
860,Ram,1500 ProMaster Van,2012,2021,+,+,
861,Ram,1500 TRX,2021,2022,+,+,
862,Ram,2500 ProMaster Van,2014,2021,+,+,
864,Ram,3500 ProMaster Van,2014,2021,+,+,
865,Ram,Cargo Van,2012,2015,+,+,
866,Ram,ProMaster City,2015,2021,+,+,
867,Ram,Promaster City,2011,2017,+,,+
868,Ram,Promaster Van,2013,-,+,,+
869,Renault,Alaskan,2017,-,+,+,
870,Renault,Alpine A110,2017,-,+,+,
871,Renault,Alpine A110S,2017,-,+,+,
871,Renault,Arkana,2019,-,+,+,
872,Renault,Captur,2013,2019,+,+,
873,Renault,Captur,2013,2019,+,+,
874,Renault,Captur,2019,-,+,+,
875,Renault,Clio,2005,2014,+,+,
876,Renault,Clio,2012,2019,+,+,
877,Renault,Clio,2019,-,+,+,
878,Renault,Duster,2013,2017,+,+,
879,Renault,Duster,2017,-,+,+,
880,Renault,Espace,2002,2014,+,,
881,Renault,Espace,2015,-,+,+,
882,Renault,Espace,2020,-,+,+,
883,Renault,Euro Clio,2005,2014,+,+,
884,Renault,Express,2021,-,+,+,
885,Renault,Express Van,2021,-,+,+,
886,Renault,Fluence,2009,2016,+,+,
887,Renault,Grand Modus,2004,2012,+,+,
888,Renault,Kadjar,2015,-,+,+,
889,Renault,Kangoo,2007,2021,+,+,
890,Renault,Kangoo,2012,-,+,+,
891,Renault,Kangoo,2021,-,+,+,
892,Renault,Kiger,2019,-,+,+,
893,Renault,Kiger,2021,-,+,+,
894,Renault,Koleos,2006,2015,+,+,
895,Renault,Koleos,2008,2017,+,+,
896,Renault,Koleos,2016,-,+,+,
897,Renault,Kwid,2015,-,+,+,
898,Renault,Laguna,2001,2007,+,,
899,Renault,Laguna,2007,2015,+,+,
900,Renault,Laguna,2008,2015,+,+,
901,Renault,Latitude,2010,2015,+,+,
902,Renault,Lodgy,2012,-,+,+,
903,Renault,Logan,2012,-,+,+,
904,Renault,Lutecia,2005,2014,+,+,
906,Renault,Lutecia,2012,2019,+,+,
907,Renault,Lutecia,2019,-,+,+,
908,Renault,Master,2010,-,+,+,
909,Renault,Mégane,2001,2009,+,+,
910,Renault,Mégane,2008,2016,+,+,
911,Renault,Mégane,2009,2016,+,+,
912,Renault,Mégane,2016,-,+,+,
913,Renault,Mégane,2020,-,+,+,
913,Renault,Mégane Grand Coupe,2016,-,+,+,
914,Renault,Mégane Hybrid,2020,-,+,+,
915,Renault,Modus,2004,2012,+,+,
916,Renault,New SM3,2009,2016,+,+,
917,Renault,Nueva Kangoo,2012,-,+,+,
918,Renault,Sandero,2014,-,+,+,
919,Renault,Scala,2010,2012,+,+,
920,Renault,Scala,2012,2017,+,+,
921,Renault,Scenic,2003,2008,+,+,
922,Renault,Scenic,2009,2015,+,+,
923,Renault,Scenic,2016,-,+,+,
924,Renault,SM5,2010,2015,+,+,
925,Renault,SM6,2018,-,+,+,
926,Renault,Symbol,2013,-,+,+,
927,Renault,Talisman,2015,-,+,+,
928,Renault,Talisman,2018,-,+,+,
929,Renault,Trafic,2001,2014,+,,
930,Renault,Trafic,2014,-,+,+,
931,Renault,Triber,2019,-,+,+,
932,Renault,Twingo,2007,2014,+,+,
933,Renault,Twingo,2014,-,+,+,
934,Renault,Vel Satis,2001,2009,+,,
935,Renault,Velsatis,2001,2009,+,,
936,Renault,Wind,2010,2013,+,+,
937,Rolls-Royce,Phantom,2017,-,+,+,
938,Samsung,QM3,2013,2019,+,+,
939,Samsung,QM5,2007,2015,+,+,
940,Samsung,QM6,2016,-,+,+,
941,Samsung,SM3,2009,2019,+,+,
942,Samsung,SM5,2009,2019,+,+,
943,Samsung,SM6,2015,2017,+,+,
944,Samsung,SM6,2018,-,+,+,
945,Samsung,Sm7,2011,2019,+,+,
946,Samsung,XM3,2020,-,+,+,
948,Saturn,Vue,2008,2010,+,,+
949,Scion,iA,2016,2016,+,+,
950,Scion,iM,2016,2016,+,+,
951,Scion,IQ,2012,2015,+,+,
952,Scion,tC,2012,2016,+,+,
953,Scion,xB,2012,2015,+,+,
954,Scion,xD,2012,2014,+,+,
955,Seat,Alhambra,1995,2010,+,+,+
955,Seat,Alhambra,2010,2020,+,+,
956,Seat,Altea,2004,2015,+,+,
957,Seat,Arona,2017,-,+,+,
958,Seat,Ateca,2016,-,+,+,
959,Seat,Exeo,2008,2013,+,+,
960,Seat,Ibiza,2001,2009,+,+,
961,Seat,Ibiza,2008,2017,+,+,+
962,Seat,Ibiza,2017,-,+,+,
963,Seat,Leon,2005,2012,+,+,
964,Seat,Leon,2013,2020,+,+,+
965,Seat,Leon,2021,-,+,+,
966,Seat,Mii,2012,-,+,+,
967,Seat,Tarraco,2018,-,+,+,
968,Seat,Toledo,2012,2018,+,+,
969,Skoda,Citigo,2012,-,+,+,
970,Skoda,Fabia,2007,2014,+,+,
971,Skoda,Fabia,2014,-,+,+,+
972,Skoda,Kamiq,2019,-,+,+,
973,Skoda,Karoq,2017,-,+,+,
974,Skoda,Kodiaq,2016,-,+,+,
975,Skoda,Octavia,2004,2013,+,+,
976,Skoda,Octavia,2013,2020,+,+,
977,Skoda,Octavia,2021,-,+,+,
978,Skoda,Praktik,2007,2015,+,+,
979,Skoda,Rapid,2013,-,+,+,
980,Skoda,Roomster,2006,2015,+,+,
981,Skoda,Scala,2019,-,+,+,
982,Skoda,Superb,2008,2015,+,+,
983,Skoda,Superb,2015,-,+,+,
984,Skoda,Yeti,2009,2017,+,+,
980,Škoda,Fabia,2021,-,+,+,
986,Smart,fortwo,2012,2016,+,+,
987,Smart,"Fortwo, Eq",2014,-,+,,
988,Subaru,Ascent,2019,2022,+,+,
990,Subaru,Crosstrek,2016,2022,+,+,
991,Subaru,Forester,2008,2012,,,+
992,Subaru,Forester,2013,2018,+,+,
993,Subaru,Forester,2018,-,+,+,
994,Subaru,Impreza,2011,2016,+,,+
995,Subaru,Impreza,2016,-,+,+,
996,Subaru,Impreza WRX,2014,-,+,,+
997,Subaru,Legacy,2003,2009,,,+
998,Subaru,Legacy,2009,2014,,,+
998,Subaru,Legacy,2019,-,+,+,
999,Subaru,Legacy (Liberty),2015,2019,+,+,
1000,Subaru,Outback,2009,2014,,,+
1001,Subaru,Outback,2015,2019,+,+,
1002,Subaru,Outback,2019,-,+,+,
1003,Subaru,WRX,2015,2021,+,+,
1004,Subaru,XV,2011,2017,,,+
1005,Subaru,XV Crosstrek,2015,2015,+,+,
1006,Subaru,XV Crosstrek (GT),2018,-,+,+,
1007,Suzuki,Across,2020,-,+,+,
1008,Suzuki,Baleno,2015,-,,,+
1009,Suzuki,Cultus,2017,-,+,,+
1010,Suzuki,Jimny,2018,-,+,,+
1011,Suzuki,Swace,2019,-,+,+,
1012,Suzuki,Swift,2004,2010,,,+
1013,Suzuki,Swift,2010,2017,,,+
1010,Suzuki,Sx4 Mk1,2006,2013,+,,+
1015,Toyota,4Runner,2012,2021,+,+,
1016,Toyota,4Runner (N280),2010,-,+,+,
1017,Toyota,Alphard,2012,2015,+,+,
1018,Toyota,Alphard,2015,-,+,,
1019,Toyota,Aqua,2011,2021,+,+,
1020,Toyota,Auris,2007,2013,+,+,
1021,Toyota,Auris,2013,2018,+,+,
1022,Toyota,Avalon,2012,2017,+,+,
1023,Toyota,Avalon,2018,2021,+,+,
1024,Toyota,Avanza,2011,2021,,+,
1025,Toyota,Avanza,2021,-,+,+,
1026,Toyota,Avensis,2009,2018,+,+,
1027,Toyota,Aygo,2014,-,+,+,
1028,Toyota,Camry,2006,2013,+,,
1029,Toyota,Camry,2011,2019,+,+,
1030,Toyota,Camry,2017,-,+,+,
1032,Toyota,C-HR,2017,-,+,+,
1033,Toyota,Corolla,2007,2013,+,,
1034,Toyota,Corolla,2013,2018,+,+,
1035,Toyota,Corolla,2017,-,+,+,
1036,Toyota,Corolla Hatchback,2019,2019,+,+,
1037,Toyota,Corolla IM,2013,2018,+,+,
1038,Toyota,Corolla Verso,2002,2009,+,,
1039,Toyota,FJ Cruiser,2012,2014,,+,
1040,Toyota,Fortuner,2015,-,+,+,
1041,Toyota,Glanza,2019,-,,,+
1041,Toyota,Harrier,2013,2020,+,,
1042,Toyota,Hiace,2021,-,+,+,
1043,Toyota,Hi-Ace,2004,-,+,+,
1044,Toyota,Highlander,2007,2013,+,+,
1045,Toyota,Highlander,2014,2020,+,+,
1046,Toyota,Hilux,2015,-,+,+,
1047,Toyota,IM,2015,2016,+,+,
1048,Toyota,Innova,2015,-,+,+,
1049,Toyota,IQ,2009,2013,+,+,
1050,Toyota,Land Cruiser,2007,2021,+,+,
1051,Toyota,Land Cruiser,2021,-,+,+,
1052,Toyota,Limo,2013,-,+,+,
1053,Toyota,Matrix,2009,2013,+,+,
1054,Toyota,Mirai,2015,2017,+,,
1055,Toyota,Noah,2017,2021,+,+,
1056,Toyota,Prius,2009,2015,+,+,
1057,Toyota,Prius,2012,2021,+,+,
1058,Toyota,Prius C,2012,2021,+,+,
1059,Toyota,Prius Prime,2016,-,+,+,
1060,Toyota,Prius Prime,2017,2021,+,+,
1061,Toyota,Prius V,2010,2017,+,+,
1062,Toyota,Proace,2016,-,+,+,+
1063,Toyota,Proace City (Verso),2016,-,+,+,+
1064,Toyota,RAV4,2005,2013,+,+,
1065,Toyota,RAV4,2013,2018,+,+,
1066,Toyota,RAV4,2019,-,+,+,
1067,Toyota,Sequoia,2008,2022,+,+,
1068,Toyota,Sienna,2011,2020,+,+,
1069,Toyota,Supra,2019,-,+,+,
1070,Toyota,Tacoma,2012,2015,,+,
1071,Toyota,Tacoma,2015,2021,,+,
1072,Toyota,Tundra,2007,2021,+,+,
1074,Toyota,Urban Cruiser,2009,2014,+,+,
1075,Toyota,Urban Cruiser (India),2020,-,,,+
1076,Toyota,Venza,2008,2017,+,+,
1077,Toyota,Venza,2017,2021,+,+,
1078,Toyota,Verso,2009,2018,+,+,
1079,Toyota,Vios,2013,-,+,+,
1080,Toyota,Voxy,2017,2021,+,+,
1081,Toyota,XD,2008,2014,+,+,
1082,Toyota,Yaris,2006,2013,+,,
1083,Toyota,Yaris,2011,2019,+,+,
1083,Toyota,Yaris,2020,-,+,+,
1084,Toyota,Yaris Cross,2020,-,+,+,
1085,Vauxhall,Mokka X,2012,2019,+,,+
1086,Vauxhall,Movano,2010,-,+,+,
1087,Vauxhall,Vivaro,2001,2014,+,,
1088,Volkswagen,Amarok,2010,-,+,+,
1089,Volkswagen,Arteon,2017,-,+,+,+
1090,Volkswagen,Atlas,2018,-,+,+,+
1091,Volkswagen,Beetle,2011,2019,+,+,+
1092,Volkswagen,Caddy,2004,2020,+,+,
1093,Volkswagen,Caddy,2021,-,+,+,
1094,Volkswagen,California,2003,2015,+,+,+
1095,Volkswagen,Caravelle,2003,2015,+,+,+
1096,Volkswagen,CC,2012,2017,+,+,
1097,Volkswagen,Crafter,2006,2017,+,+,
1098,Volkswagen,Crossfox,2003,2020,+,+,
1099,Volkswagen,Doubleback,2003,2015,+,+,+
1100,Volkswagen,Eos,2006,2015,+,+,
1101,Volkswagen,Fox,2003,2020,+,+,
1102,Volkswagen,Gol,2008,-,+,+,
1103,Volkswagen,Golf,1999,2006,+,+,
1104,Volkswagen,Golf,2003,2009,+,+,
1105,Volkswagen,Golf,2009,2012,+,+,
1106,Volkswagen,Golf,2012,2020,+,+,+
1107,Volkswagen,Golf,2020,-,+,+,
1108,Volkswagen,Golf R,2016,2016,+,+,
1109,Volkswagen,Grand California,2017,-,+,+,+
1110,Volkswagen,Grand California,2017,-,+,+,+
1111,Volkswagen,GTI,2012,2018,+,+,
1112,Volkswagen,Jetta,2010,2018,+,+,
1113,Volkswagen,Jetta,2019,-,+,+,+
1114,Volkswagen,Jetta GLI,2019,2021,+,+,
1116,Volkswagen,Kombi,2003,2015,+,+,+
1117,Volkswagen,Lavida,2012,-,+,+,
1118,Volkswagen,Multivan,2003,2015,+,+,+
1119,Volkswagen,Multivan,2020,-,+,+,
1120,Volkswagen,New Beetle,2011,2019,+,+,+
1121,Volkswagen,Nivus,2020,-,+,+,
1122,Volkswagen,Nivus,2020,-,+,+,
1123,Volkswagen,Passat,1996,2002,+,+,
1124,Volkswagen,Passat,2005,2015,+,+,
1125,Volkswagen,Passat,2015,-,+,+,+
1125,Volkswagen,Passat CC,2008,2011,+,+,
1126,Volkswagen,Phaeton,2003,2016,+,+,
1127,Volkswagen,Polo,1994,2003,+,+,
1128,Volkswagen,Polo,2004,2009,+,+,
1129,Volkswagen,Polo,2009,2017,+,+,+
1130,Volkswagen,Polo,2018,-,+,+,
1131,Volkswagen,Sagitar,2010,2018,+,+,
1132,Volkswagen,Saveiro,2008,-,+,+,
1133,Volkswagen,Scirocco,2008,2017,+,+,
1134,Volkswagen,Sharan,1995,2010,+,+,+
1135,Volkswagen,Sharan,2010,2020,+,+,
1136,Volkswagen,Spacecross,2003,2020,+,+,
1137,Volkswagen,Spacefox,2003,2020,+,+,
1138,Volkswagen,Sportvan,2003,2020,+,+,
1139,Volkswagen,Suran,2003,2020,+,+,
1140,Volkswagen,T5,2003,2015,+,+,+
1141,Volkswagen,T6,2016,2019,+,+,
1142,Volkswagen,Taigo,2020,-,+,+,
1143,Volkswagen,Taos,2021,-,+,+,
1144,Volkswagen,T-Cross ,2019,-,+,+,
1145,Volkswagen,Teramont,2018,-,+,+,+
1146,Volkswagen,Tharu,2021,-,+,+,
1147,Volkswagen,Tiguan,2007,2016,+,+,
1148,Volkswagen,Tiguan,2016,-,+,+,+
1149,Volkswagen,Touareg,2010,2017,+,+,
1150,Volkswagen,Touareg,2018,-,+,+,
1151,Volkswagen,Touran,2003,2015,+,+,
1152,Volkswagen,Touran,2015,-,+,+,
1153,Volkswagen,Tr,2003,2015,+,+,+
1154,Volkswagen,Transporter,2003,2015,+,+,+
1155,Volkswagen,Transporter,2016,2019,+,+,
1156,Volkswagen,Transporter,2020,-,+,+,
1158,Volkswagen,T-Roc,2017,-,+,+,
1159,Volkswagen,Up,2012,-,+,+,
1160,Volkswagen,Urban Fox,2003,2020,+,+,
1161,Volkswagen,Vento,2005,2011,+,+,
1162,Volkswagen,Vento,2005,2011,+,+,
1163,Volkswagen,Vento,2011,2018,+,+,
1164,Volkswagen,Virtus,2018,-,+,+,
1165,Volkswagen,Voyage,2008,-,+,+,
1166,Volkswagen,Widder,2003,2015,+,+,+
1167,Volvo,C40,2017,-,+,+,
1167,Volvo,S60,2011,2018,+,+,
1168,Volvo,S60,2019,-,+,+,
1169,Volvo,S80,2012,2012,+,+,
1170,Volvo,S90,2017,-,+,+,
1171,Volvo,V40 (Cross Country),2012,2019,+,+,
1172,Volvo,V60,2010,2018,+,+,
1173,Volvo,V60,2018,-,+,+,
1174,Volvo,V60 Cross Country,2018,-,+,+,
1175,Volvo,V90,2017,-,+,+,
1176,Volvo,V90 Cross Country,2017,-,+,+,
1177,Volvo,XC40,2017,-,+,+,
1178,Volvo,XC60,2009,2018,+,+,
1179,Volvo,Xc60,2018,-,+,+,
1180,Volvo,XC70,2007,2016,+,+,
1181,Volvo,XC90,2005,2014,+,+,
1182,Volvo,XC90,2015,2017,+,+,
1183,Volvo,XC90,2016,-,+,+,